{
  "id": "1958304",
  "name": "no name",
  "font_family": "iconfont",
  "css_prefix_text": "icon-",
  "description": "",
  "glyphs": [
    {
      "icon_id": "479193",
      "name": "箭头",
      "font_class": "arroww",
      "unicode": "e630",
      "unicode_decimal": 58928
    },
    {
      "icon_id": "554200",
      "name": "危险",
      "font_class": "warning",
      "unicode": "e66e",
      "unicode_decimal": 58990
    },
    {
      "icon_id": "609890",
      "name": "对号",
      "font_class": "success2",
      "unicode": "e770",
      "unicode_decimal": 59248
    },
    {
      "icon_id": "741063",
      "name": "用户 头像",
      "font_class": "user",
      "unicode": "e851",
      "unicode_decimal": 59473
    },
    {
      "icon_id": "1032410",
      "name": "星星",
      "font_class": "star2",
      "unicode": "e642",
      "unicode_decimal": 58946
    },
    {
      "icon_id": "1206331",
      "name": "微信",
      "font_class": "wechat",
      "unicode": "e615",
      "unicode_decimal": 58901
    },
    {
      "icon_id": "1263284",
      "name": "文件",
      "font_class": "file",
      "unicode": "e61d",
      "unicode_decimal": 58909
    },
    {
      "icon_id": "1287683",
      "name": "地址",
      "font_class": "address2",
      "unicode": "e602",
      "unicode_decimal": 58882
    },
    {
      "icon_id": "2035056",
      "name": "地址",
      "font_class": "address",
      "unicode": "e63e",
      "unicode_decimal": 58942
    },
    {
      "icon_id": "2116291",
      "name": "减少",
      "font_class": "reduce",
      "unicode": "e661",
      "unicode_decimal": 58977
    },
    {
      "icon_id": "3868273",
      "name": "警告",
      "font_class": "warning2",
      "unicode": "eb65",
      "unicode_decimal": 60261
    },
    {
      "icon_id": "4933188",
      "name": "发现-眼睛",
      "font_class": "eyes",
      "unicode": "e6de",
      "unicode_decimal": 59102
    },
    {
      "icon_id": "4933267",
      "name": "对号",
      "font_class": "success",
      "unicode": "e70d",
      "unicode_decimal": 59149
    },
    {
      "icon_id": "5226923",
      "name": "星星",
      "font_class": "star",
      "unicode": "e646",
      "unicode_decimal": 58950
    },
    {
      "icon_id": "7533284",
      "name": "刷新",
      "font_class": "refresh",
      "unicode": "e603",
      "unicode_decimal": 58883
    },
    {
      "icon_id": "8875697",
      "name": "搜索",
      "font_class": "search",
      "unicode": "e669",
      "unicode_decimal": 58985
    },
    {
      "icon_id": "8949020",
      "name": "下载",
      "font_class": "download",
      "unicode": "e65c",
      "unicode_decimal": 58972
    },
    {
      "icon_id": "9592761",
      "name": "邮箱",
      "font_class": "email",
      "unicode": "e678",
      "unicode_decimal": 59000
    },
    {
      "icon_id": "10885638",
      "name": "添加",
      "font_class": "add2",
      "unicode": "e61a",
      "unicode_decimal": 58906
    },
    {
      "icon_id": "14343651",
      "name": "github",
      "font_class": "github",
      "unicode": "e600",
      "unicode_decimal": 58880
    },
    {
      "icon_id": "15138179",
      "name": "添加",
      "font_class": "add",
      "unicode": "e63d",
      "unicode_decimal": 58941
    },
    {
      "icon_id": "17777886",
      "name": "电话",
      "font_class": "tel",
      "unicode": "e605",
      "unicode_decimal": 58885
    },
    {
      "icon_id": "18309270",
      "name": "设 置",
      "font_class": "setting",
      "unicode": "e60b",
      "unicode_decimal": 58891
    },
    {
      "icon_id": "18367976",
      "name": "删 除 (1)",
      "font_class": "delete",
      "unicode": "e67d",
      "unicode_decimal": 59005
    },
    {
      "icon_id": "18643908",
      "name": "叉",
      "font_class": "close",
      "unicode": "e60f",
      "unicode_decimal": 58895
    },
    {
      "icon_id": "18661912",
      "name": "减少",
      "font_class": "reduce1",
      "unicode": "e6b5",
      "unicode_decimal": 59061
    },
    {
      "icon_id": "1012140",
      "name": "删除",
      "font_class": "close2",
      "unicode": "e628",
      "unicode_decimal": 58920
    }
  ]
}
